upgrade_id,building_type,town_hall_level,current_level,builder_boost_percent,builder_count,upgrade_cost_elixir,upgrade_time_hours
1,Wizard Tower,1,4,50,2,114000,9.19
2,Air Defense,7,10,30,2,1191000,68.22
3,Cannon,14,15,0,1,1292000,80.54
4,Archer Tower,8,13,50,2,876000,41.39
5,Dark Elixir Storage,11,4,50,6,482000,24.51
6,Cannon,12,8,20,6,429000,25.55
7,Dark Barracks,7,4,30,1,201000,20.52
8,Elixir Storage,1,5,50,4,155000,9.72
9,Wizard Tower,13,12,0,1,1192000,91.3
10,Air Defense,1,6,20,6,418000,25.85
11,Gold Storage,13,11,30,5,789000,50.01
12,Archer Tower,9,3,0,6,77000,7.34
13,Air Defense,11,3,30,5,188000,14.05
14,Barracks,3,8,20,1,284000,19.05
15,Archer Tower,6,11,50,5,553000,30.24
16,Cannon,6,4,20,3,106000,8.71
17,Wizard Tower,5,10,50,2,693000,40.28
18,Cannon,3,8,50,1,272000,16.55
19,Army Camp,1,6,0,1,201000,19.25
20,Barracks,9,14,30,4,941000,47.28
21,Cannon,10,8,10,3,367000,26.46
22,Spell Factory,13,2,10,3,142000,12.31
23,Spell Factory,13,3,50,3,294000,17.6
24,Gold Storage,5,4,30,4,128000,9.04
25,Spell Factory,6,3,25,5,217000,16.17
26,Army Camp,15,4,50,3,176000,13.86
27,Dark Barracks,6,3,30,5,120000,12.67
28,Archer Tower,8,1,30,2,11000,2.57
29,Air Defense,11,1,20,5,38000,4.26
30,Cannon,1,6,30,1,147000,12.02
31,Barracks,10,2,10,4,40000,4.69
32,Wizard Tower,12,16,30,3,2025000,107.59
33,Dark Barracks,13,10,25,1,1168000,93.45
34,Wizard Tower,13,7,30,1,496000,32.73
35,Wizard Tower,12,1,50,6,28000,2.85
36,Gold Storage,10,7,0,6,375000,26.61
37,Cannon,7,8,20,6,355000,22.03
38,Cannon,7,3,10,3,68000,6.67
39,Gold Storage,11,10,30,1,652000,44.32
40,Laboratory,12,10,10,5,752000,50.06
41,Air Defense,13,6,0,4,693000,44.35
42,Dark Barracks,4,3,30,6,116000,11.63
43,Barracks,12,2,25,5,37000,4.41
44,Army Camp,10,5,50,1,250000,16.35
45,Archer Tower,13,7,0,2,318000,27.06
46,Army Camp,9,2,30,1,51000,5.37
47,Barracks,8,13,20,6,790000,43.0
48,Dark Elixir Storage,7,1,30,4,49000,4.27
49,Cannon,5,10,50,4,493000,25.59
50,Air Defense,10,1,10,5,36000,4.25
51,Barracks,16,11,10,2,690000,46.96
52,Air Defense,4,2,25,4,77000,6.92
53,Spell Factory,14,2,0,3,145000,13.46
54,Spell Factory,4,1,20,3,41000,4.09
55,Air Defense,11,9,25,5,1354000,66.28
56,Wizard Tower,8,5,25,2,246000,18.08
57,Barracks,7,3,50,6,67000,4.93
58,Army Camp,10,12,10,2,1072000,70.93
59,Cannon,3,8,25,1,273000,19.27
60,Spell Factory,8,4,20,1,376000,27.02
61,Spell Factory,7,4,50,3,381000,22.27
62,Wizard Tower,3,8,10,6,407000,30.4
63,Spell Factory,5,4,20,2,326000,23.75
64,Cannon,15,14,20,6,1197000,64.7
65,Laboratory,4,9,30,1,492000,30.91
66,Archer Tower,1,1,10,1,9000,2.58
67,Gold Storage,16,13,10,3,1391000,78.74
68,Gold Storage,2,7,0,5,265000,20.63
69,Gold Storage,12,13,30,4,1031000,61.27
70,Dark Barracks,9,2,20,6,69000,8.79
71,Wizard Tower,16,12,10,6,1356000,87.54
72,Dark Barracks,13,8,30,4,776000,66.58
73,Cannon,4,9,10,1,410000,25.3
74,Wizard Tower,1,6,50,5,258000,14.58
75,Air Defense,12,5,10,5,459000,32.18
76,Barracks,16,1,20,4,14000,2.86
77,Elixir Storage,12,11,0,2,877000,58.37
78,Laboratory,9,13,10,6,1141000,70.81
79,Barracks,13,4,50,6,135000,8.58
80,Gold Storage,10,9,50,5,573000,30.89
81,Elixir Storage,14,1,25,4,17000,3.08
82,Army Camp,4,9,10,3,486000,37.5
83,Wizard Tower,5,5,20,5,197000,16.25
84,Dark Barracks,13,4,10,1,252000,26.83
85,Dark Elixir Storage,9,8,50,5,1379000,64.43
86,Elixir Storage,4,5,25,4,157000,12.75
87,Spell Factory,7,6,0,4,651000,52.05
88,Cannon,10,15,20,3,1156000,63.68
89,Laboratory,14,10,50,2,776000,47.75
90,Laboratory,2,7,25,2,308000,21.23
91,Dark Barracks,9,4,30,2,199000,19.99
92,Dark Elixir Storage,7,10,25,2,1861000,100.13
93,Wizard Tower,1,6,50,4,218000,15.1
94,Dark Elixir Storage,12,8,20,5,1325000,81.67
95,Army Camp,11,11,30,3,856000,58.11
96,Laboratory,12,1,30,5,21000,2.83
97,Air Defense,9,3,25,2,171000,13.33
98,Cannon,13,9,0,3,529000,38.73
99,Wizard Tower,9,13,50,4,1106000,61.91
100,Army Camp,1,6,10,2,204000,18.03
101,Laboratory,6,8,0,1,421000,32.84
102,Spell Factory,13,4,20,3,402000,30.65
103,Elixir Storage,13,7,25,3,394000,26.19
104,Laboratory,7,12,25,5,858000,55.36
105,Elixir Storage,1,6,30,1,177000,14.72
106,Dark Elixir Storage,10,10,20,3,1940000,112.85
107,Dark Barracks,11,2,25,1,68000,8.81
108,Archer Tower,12,6,25,1,239000,17.48
109,Dark Elixir Storage,7,7,25,2,1048000,55.83
110,Dark Elixir Storage,12,2,10,2,140000,12.11
111,Gold Storage,8,1,0,5,15000,3.05
112,Laboratory,14,12,0,3,1151000,76.92
113,Elixir Storage,9,11,10,1,694000,53.35
114,Wizard Tower,14,4,50,1,206000,14.51
115,Laboratory,13,12,50,3,1071000,57.71
116,Air Defense,16,1,25,1,43000,4.34
117,Elixir Storage,14,16,10,4,1852000,100.24
118,Elixir Storage,12,13,50,6,1177000,58.22
119,Cannon,4,9,25,3,356000,23.71
120,Dark Barracks,7,7,30,4,533000,44.06
121,Archer Tower,14,19,0,1,2062000,116.65
122,Archer Tower,9,3,25,5,77000,6.68
123,Dark Elixir Storage,7,9,0,3,1394000,90.74
124,Dark Barracks,15,10,30,4,1195000,98.83
125,Dark Barracks,3,1,10,4,21000,3.87
126,Elixir Storage,4,9,10,4,420000,30.12
127,Army Camp,8,6,20,1,305000,22.18
128,Barracks,13,13,50,1,834000,45.07
129,Dark Elixir Storage,8,8,20,3,1233000,74.6
130,Wizard Tower,12,16,0,5,2041000,120.93
131,Barracks,3,8,0,2,287000,19.93
132,Dark Barracks,9,7,50,2,492000,42.79
133,Archer Tower,10,12,50,6,770000,38.42
134,Dark Barracks,7,10,10,4,825000,82.56
135,Laboratory,13,9,30,2,707000,42.88
136,Wizard Tower,1,4,10,6,121000,10.65
137,Elixir Storage,14,11,20,3,970000,56.6
138,Air Defense,9,4,50,5,276000,17.92
139,Cannon,15,9,25,1,505000,34.64
140,Elixir Storage,14,2,20,1,52000,5.93
141,Dark Elixir Storage,7,5,25,5,555000,33.38
142,Wizard Tower,6,11,25,1,830000,50.71
143,Elixir Storage,12,3,50,3,102000,7.07
144,Gold Storage,10,14,10,2,1217000,78.79
145,Laboratory,8,2,25,4,50000,5.16
146,Wizard Tower,2,7,30,6,341000,22.36
147,Spell Factory,15,4,0,4,449000,38.31
148,Barracks,8,5,10,6,153000,11.87
149,Elixir Storage,9,6,30,3,251000,18.32
150,Spell Factory,3,7,10,5,734000,49.94
151,Laboratory,3,6,50,3,252000,14.75
152,Air Defense,5,10,0,3,1183000,75.86
153,Dark Elixir Storage,11,4,10,5,468000,28.54
154,Air Defense,3,3,20,2,153000,11.8
155,Spell Factory,8,7,10,2,944000,67.57
156,Dark Elixir Storage,8,3,20,4,252000,17.54
157,Archer Tower,9,14,20,4,1025000,57.13
158,Archer Tower,7,4,20,1,108000,9.73
159,Air Defense,12,5,0,2,524000,34.62
160,Dark Barracks,13,10,30,4,1096000,92.55
161,Gold Storage,13,15,50,4,1415000,70.87
162,Laboratory,2,3,30,3,76000,6.27
163,Archer Tower,15,3,30,2,93000,7.72
164,Wizard Tower,14,10,25,2,905000,61.2
165,Air Defense,1,6,20,3,442000,27.31
166,Laboratory,7,8,20,6,450000,30.29
167,Spell Factory,12,1,50,3,45000,4.57
168,Spell Factory,7,2,50,4,107000,8.37
169,Laboratory,6,6,10,4,284000,20.58
170,Wizard Tower,10,15,30,6,1529000,92.59
171,Cannon,14,8,50,4,400000,24.18
172,Archer Tower,5,8,25,5,318000,20.83
173,Cannon,1,6,0,4,149000,12.89
174,Army Camp,10,10,25,1,745000,51.15
175,Gold Storage,2,7,20,4,283000,18.82
176,Dark Barracks,15,4,20,2,235000,26.44
177,Wizard Tower,10,15,20,1,1496000,100.39
178,Laboratory,13,13,50,1,1379000,65.39
179,Spell Factory,9,3,50,3,211000,16.12
180,Army Camp,5,1,50,2,18000,2.55
181,Spell Factory,5,2,0,2,98000,10.39
182,Elixir Storage,4,6,0,6,205000,17.71
183,Wizard Tower,8,13,25,6,1286000,68.21
184,Dark Barracks,9,1,10,4,25000,4.33
185,Elixir Storage,11,7,10,5,343000,26.27
186,Barracks,5,10,25,4,437000,27.73
187,Archer Tower,14,18,10,5,1611000,100.62
188,Laboratory,15,6,20,5,342000,25.83
189,Dark Elixir Storage,7,1,10,3,43000,4.64
190,Wizard Tower,10,15,50,5,1466000,81.75
191,Cannon,9,4,0,1,108000,11.43
192,Archer Tower,14,18,0,5,1768000,104.0
193,Elixir Storage,7,5,25,6,198000,14.09
194,Dark Elixir Storage,8,3,30,3,240000,16.79
195,Laboratory,4,9,0,5,475000,35.22
196,Cannon,7,9,50,2,394000,24.29
197,Gold Storage,14,2,25,3,51000,5.59
198,Gold Storage,10,5,30,5,192000,14.75
199,Air Defense,2,7,20,5,568000,36.08
200,Laboratory,12,9,25,6,695000,41.0
201,Wizard Tower,16,7,25,3,523000,35.94
202,Spell Factory,8,6,25,1,770000,49.82
203,Spell Factory,12,3,30,2,258000,19.83
204,Spell Factory,7,3,20,5,220000,17.43
205,Cannon,6,11,30,2,580000,35.85
206,Dark Elixir Storage,9,4,20,2,393000,25.82
207,Barracks,13,13,50,3,845000,46.71
208,Cannon,2,7,0,5,231000,17.72
209,Wizard Tower,11,3,20,6,124000,10.23
210,Cannon,9,14,50,2,986000,49.71
211,Barracks,14,14,30,2,1107000,59.81
212,Spell Factory,11,5,10,1,606000,44.1
213,Laboratory,14,14,30,6,1653000,85.24
214,Army Camp,6,11,25,1,685000,49.54
215,Dark Elixir Storage,11,10,50,5,2120000,97.3
216,Dark Elixir Storage,10,2,30,4,148000,9.54
217,Dark Elixir Storage,11,3,50,6,248000,16.34
218,Spell Factory,12,6,10,6,830000,58.14
219,Army Camp,14,12,50,1,1056000,63.15
220,Dark Barracks,1,6,30,2,306000,27.51
221,Barracks,7,2,30,1,36000,4.12
222,Gold Storage,13,6,30,5,286000,21.2
223,Army Camp,12,1,10,2,19000,3.4
224,Laboratory,8,13,10,6,1058000,65.4
225,Army Camp,12,3,20,6,95000,9.49
226,Dark Barracks,2,7,25,6,372000,34.4
227,Spell Factory,14,3,30,3,267000,20.88
228,Laboratory,8,3,0,5,95000,8.95
229,Cannon,4,9,10,6,403000,23.99
230,Army Camp,10,1,10,5,19000,3.17
231,Spell Factory,15,6,10,5,980000,60.76
232,Gold Storage,12,12,10,5,1049000,63.56
233,Dark Elixir Storage,12,5,50,3,667000,33.4
234,Barracks,2,7,0,5,199000,15.42
235,Archer Tower,4,9,0,2,399000,27.9
236,Barracks,9,12,20,6,735000,41.83
237,Army Camp,14,12,25,3,1047000,75.21
238,Spell Factory,10,2,10,1,123000,11.63
239,Dark Elixir Storage,7,1,10,1,45000,4.68
240,Army Camp,10,9,10,6,672000,41.89
241,Dark Barracks,1,6,50,5,287000,23.38
242,Dark Barracks,12,9,25,1,937000,78.79
243,Army Camp,16,3,25,1,108000,11.11
244,Gold Storage,5,4,30,3,122000,9.13
245,Archer Tower,5,10,50,5,480000,25.25
246,Dark Elixir Storage,13,10,20,1,2390000,118.48
247,Archer Tower,14,9,20,4,572000,33.59
248,Air Defense,6,11,20,1,1346000,88.23
249,Army Camp,5,5,50,3,193000,13.7
250,Spell Factory,8,3,50,2,239000,15.89
251,Gold Storage,2,7,25,1,281000,19.19
252,Gold Storage,6,11,0,4,739000,44.94
253,Wizard Tower,12,9,30,2,753000,45.69
254,Archer Tower,11,10,10,4,542000,39.16
255,Dark Elixir Storage,16,9,50,1,2024000,93.23
256,Elixir Storage,4,2,50,3,40000,3.87
257,Gold Storage,3,8,0,1,323000,27.0
258,Gold Storage,11,16,0,4,1460000,101.15
259,Dark Barracks,10,9,20,4,907000,71.24
260,Laboratory,12,7,25,1,400000,30.17
261,Dark Elixir Storage,13,4,20,2,433000,31.91
262,Cannon,1,1,25,3,8000,2.44
263,Air Defense,2,7,50,2,585000,29.52
264,Wizard Tower,13,9,50,6,804000,41.4
265,Cannon,2,7,0,3,225000,17.34
266,Spell Factory,13,6,20,1,887000,58.48
267,Spell Factory,6,2,50,3,105000,8.53
268,Air Defense,12,6,30,1,647000,40.33
269,Air Defense,15,1,50,1,39000,3.97
270,Gold Storage,15,6,50,4,325000,20.25
271,Elixir Storage,10,15,50,5,1298000,68.41
272,Elixir Storage,4,1,0,3,13000,2.91
273,Archer Tower,11,1,20,6,12000,2.63
274,Army Camp,15,2,10,4,55000,6.85
275,Spell Factory,12,4,10,6,438000,31.15
276,Spell Factory,4,6,50,6,616000,33.61
277,Elixir Storage,7,12,30,1,770000,47.66
278,Wizard Tower,16,6,0,2,375000,33.26
279,Elixir Storage,7,12,10,5,859000,52.8
280,Cannon,1,6,50,5,161000,10.13
281,Dark Barracks,6,8,20,1,563000,54.93
282,Spell Factory,8,6,30,4,730000,45.27
283,Gold Storage,8,12,50,1,915000,47.34
284,Cannon,14,14,10,2,1128000,70.21
285,Elixir Storage,11,2,0,2,43000,6.2
286,Barracks,5,3,10,3,62000,6.13
287,Barracks,8,5,20,2,166000,12.24
288,Archer Tower,13,11,50,3,724000,40.26
289,Laboratory,16,6,20,6,346000,25.89
290,Elixir Storage,13,1,10,2,17000,3.41
291,Dark Barracks,16,5,50,1,341000,31.22
292,Army Camp,8,2,10,4,45000,5.95
293,Archer Tower,7,10,10,4,518000,32.11
294,Barracks,8,7,10,4,271000,18.49
295,Wizard Tower,11,9,50,4,638000,38.59
296,Army Camp,5,8,20,3,454000,29.89
297,Elixir Storage,6,3,10,6,76000,7.12
298,Spell Factory,3,1,50,2,41000,3.47
299,Elixir Storage,9,10,30,2,673000,39.94
300,Wizard Tower,3,8,50,1,461000,25.6
301,Gold Storage,13,2,20,4,52000,5.31
302,Archer Tower,7,4,50,4,107000,7.85
303,Cannon,4,9,50,2,407000,20.5
304,Archer Tower,6,9,25,4,446000,24.67
305,Wizard Tower,4,9,0,4,559000,41.22
306,Cannon,10,11,30,5,655000,37.57
307,Cannon,15,9,20,1,513000,35.03
308,Spell Factory,6,5,20,1,508000,36.28
309,Dark Elixir Storage,12,6,0,4,927000,56.33
310,Dark Elixir Storage,12,3,25,1,303000,19.32
311,Dark Elixir Storage,14,10,50,6,2100000,103.46
312,Dark Elixir Storage,13,10,25,2,2408000,115.5
313,Dark Barracks,11,6,30,6,439000,38.39
314,Archer Tower,14,8,20,2,464000,29.76
315,Air Defense,1,6,30,3,458000,25.92
316,Barracks,15,4,10,5,125000,10.83
317,Army Camp,15,12,25,6,1224000,75.32
318,Dark Barracks,5,6,10,6,319000,34.66
319,Laboratory,10,5,0,4,250000,18.27
320,Cannon,6,5,30,6,164000,11.31
321,Elixir Storage,15,16,30,5,1676000,93.93
322,Barracks,6,6,30,4,195000,13.26
323,Elixir Storage,9,14,10,2,1116000,76.4
324,Gold Storage,16,10,20,6,750000,51.0
325,Spell Factory,6,7,25,1,811000,56.55
326,Wizard Tower,6,1,10,1,23000,3.42
327,Barracks,12,11,30,4,644000,36.64
328,Gold Storage,11,16,0,3,1566000,103.34
329,Elixir Storage,12,15,30,4,1365000,82.75
330,Barracks,10,14,50,5,952000,47.19
331,Gold Storage,15,13,30,6,1349000,65.74
332,Spell Factory,5,1,0,3,39000,4.91
333,Cannon,1,6,10,4,154000,12.47
334,Laboratory,4,2,0,2,44000,5.19
335,Archer Tower,4,9,20,5,381000,24.07
336,Air Defense,7,10,50,6,1295000,63.0
337,Barracks,15,13,0,2,932000,65.65
338,Spell Factory,10,2,50,5,127000,8.77
339,Gold Storage,14,2,20,5,52000,5.36
340,Air Defense,1,6,10,4,435000,29.23
341,Laboratory,13,15,10,3,1549000,104.31
342,Air Defense,8,10,25,2,1374000,76.44
343,Archer Tower,16,18,10,1,1739000,106.03
344,Barracks,12,3,10,1,74000,7.74
345,Air Defense,5,10,30,2,1122000,67.53
346,Wizard Tower,1,5,25,3,192000,13.31
347,Barracks,3,4,25,5,80000,6.85
348,Laboratory,4,9,30,5,485000,31.57
349,Dark Barracks,16,6,30,3,548000,45.26
350,Archer Tower,13,2,0,1,42000,5.63
351,Dark Barracks,9,6,10,4,382000,38.92
352,Army Camp,9,5,25,2,200000,16.89
353,Archer Tower,6,11,50,3,572000,29.31
354,Laboratory,11,5,25,3,258000,17.82
355,Elixir Storage,8,13,10,6,1057000,62.75
356,Gold Storage,8,10,20,5,660000,38.36
357,Spell Factory,6,6,50,1,646000,39.67
358,Air Defense,5,5,50,4,408000,21.57
359,Archer Tower,4,9,0,5,338000,25.67
360,Laboratory,7,3,50,6,88000,6.89
361,Laboratory,4,9,0,6,485000,33.3
362,Laboratory,6,9,0,1,547000,39.35
363,Elixir Storage,12,2,30,2,45000,5.05
364,Barracks,8,12,20,4,734000,40.49
365,Archer Tower,1,6,50,3,154000,10.99
366,Barracks,1,3,50,2,51000,4.38
367,Spell Factory,16,4,20,5,476000,34.83
368,Cannon,3,8,30,1,302000,19.81
369,Spell Factory,10,1,25,5,42000,4.53
370,Air Defense,4,9,20,6,1004000,57.05
371,Air Defense,7,3,20,5,177000,12.56
372,Army Camp,1,4,25,5,104000,9.23
373,Laboratory,5,5,30,3,201000,14.05
374,Laboratory,4,9,25,2,538000,33.19
375,Dark Barracks,9,7,10,4,572000,51.79
376,Gold Storage,16,2,10,4,56000,6.3
377,Laboratory,12,2,50,1,60000,5.06
378,Army Camp,13,11,30,4,931000,63.01
379,Army Camp,10,1,20,1,19000,3.09
380,Elixir Storage,10,15,20,2,1282000,78.58
381,Laboratory,16,1,0,4,23000,3.65
382,Elixir Storage,16,4,30,1,174000,14.02
383,Air Defense,2,7,0,4,524000,39.09
384,Barracks,3,8,0,5,291000,19.35
385,Laboratory,10,3,10,3,109000,9.55
386,Wizard Tower,16,4,20,6,234000,17.16
387,Dark Barracks,3,5,20,1,248000,23.77
388,Wizard Tower,4,3,25,1,96000,8.14
389,Spell Factory,12,3,10,5,248000,20.29
390,Gold Storage,7,4,30,4,135000,9.99
391,Dark Barracks,4,3,10,5,104000,12.42
392,Cannon,16,8,20,1,448000,31.63
393,Dark Elixir Storage,12,3,25,1,303000,19.29
394,Gold Storage,3,8,10,4,353000,24.86
395,Laboratory,6,5,20,2,191000,15.26
396,Dark Barracks,1,6,30,4,274000,27.26
397,Cannon,14,3,25,1,82000,7.99
398,Wizard Tower,6,9,10,1,532000,43.0
399,Spell Factory,8,3,20,2,204000,18.99
400,Air Defense,5,2,10,4,86000,7.46
401,Cannon,11,9,50,5,507000,25.84
402,Spell Factory,10,4,50,1,359000,24.26
403,Army Camp,14,10,50,5,824000,47.95
404,Cannon,16,20,10,3,2413000,122.68
405,Wizard Tower,5,10,30,5,710000,43.46
406,Cannon,1,6,10,5,180000,13.26
407,Laboratory,9,10,10,1,791000,47.15
408,Gold Storage,12,6,50,5,296000,19.12
409,Archer Tower,13,10,10,3,592000,41.76
410,Dark Elixir Storage,15,1,20,3,57000,5.55
411,Cannon,6,1,25,5,11000,2.39
412,Spell Factory,5,7,10,2,834000,57.13
413,Elixir Storage,14,15,20,1,1523000,93.42
414,Cannon,5,10,0,3,492000,32.58
415,Cannon,8,13,50,3,886000,44.12
416,Dark Barracks,14,5,0,3,360000,40.29
417,Barracks,15,15,0,5,1144000,74.35
418,Gold Storage,15,4,30,1,169000,12.91
419,Dark Elixir Storage,11,8,50,6,1432000,63.68
420,Elixir Storage,11,6,50,1,287000,17.7
421,Archer Tower,11,9,10,2,482000,32.59
422,Elixir Storage,13,5,30,6,224000,15.78
423,Laboratory,10,12,25,4,1096000,60.99
424,Army Camp,14,5,0,3,247000,21.89
425,Air Defense,11,9,25,3,1364000,73.67
426,Dark Barracks,3,1,25,3,20000,3.65
427,Wizard Tower,7,12,30,2,967000,63.31
428,Wizard Tower,16,9,30,5,840000,51.29
429,Air Defense,3,8,20,6,803000,43.65
430,Air Defense,11,5,30,4,466000,29.6
431,Air Defense,5,9,20,4,1041000,59.64
432,Barracks,12,9,10,5,506000,30.78
433,Barracks,4,9,25,6,327000,22.5
434,Army Camp,3,6,0,1,219000,20.04
435,Gold Storage,2,7,25,6,248000,17.18
436,Elixir Storage,9,12,25,4,844000,51.95
437,Dark Barracks,11,9,50,3,877000,66.51
438,Gold Storage,9,10,30,6,664000,37.37
439,Laboratory,9,4,30,5,159000,11.83
440,Dark Elixir Storage,8,2,50,3,132000,8.31
441,Dark Elixir Storage,13,5,20,5,733000,39.49
442,Spell Factory,11,3,30,5,231000,18.41
443,Wizard Tower,1,6,30,5,257000,17.09
444,Elixir Storage,7,2,50,1,40000,4.31
445,Gold Storage,5,10,10,2,585000,36.98
446,Gold Storage,11,10,0,4,720000,49.25
447,Army Camp,13,1,30,5,20000,2.98
448,Spell Factory,12,6,25,1,880000,55.72
449,Barracks,16,4,20,2,141000,11.13
450,Elixir Storage,6,3,0,4,76000,7.74
451,Cannon,12,1,0,4,12000,3.02
452,Army Camp,16,1,25,5,21000,3.22
453,Cannon,11,16,30,2,1380000,73.81
454,Barracks,4,6,50,4,182000,10.59
455,Dark Elixir Storage,7,2,0,1,134000,10.47
456,Elixir Storage,1,6,30,5,207000,13.98
457,Elixir Storage,12,8,0,4,494000,36.75
458,Gold Storage,5,3,30,4,74000,6.93
459,Dark Barracks,16,10,25,4,1092000,101.8
460,Air Defense,12,11,50,1,1803000,93.07
461,Spell Factory,12,5,0,3,663000,46.53
462,Spell Factory,10,1,20,3,46000,5.19
463,Wizard Tower,9,11,25,3,936000,60.48
464,Gold Storage,2,7,25,6,256000,18.86
465,Wizard Tower,15,10,0,5,904000,65.11
466,Elixir Storage,10,2,50,6,49000,4.23
467,Elixir Storage,3,3,30,5,66000,6.11
468,Dark Elixir Storage,15,5,10,6,771000,44.88
469,Gold Storage,15,14,0,2,1305000,92.38
470,Wizard Tower,11,5,10,5,242000,20.76
471,Dark Elixir Storage,8,7,20,5,1096000,56.84
472,Barracks,5,6,50,3,204000,10.94
473,Gold Storage,5,5,25,3,186000,12.54
474,Dark Elixir Storage,7,9,0,6,1473000,91.75
475,Dark Barracks,7,4,30,4,198000,19.88
476,Cannon,8,12,30,2,701000,44.13
477,Elixir Storage,1,4,50,1,107000,7.26
478,Archer Tower,16,19,10,2,1901000,119.04
479,Gold Storage,9,11,10,3,776000,51.18
480,Archer Tower,11,3,10,2,76000,7.5
481,Archer Tower,8,13,20,6,798000,49.87
482,Elixir Storage,12,4,10,2,145000,12.96
483,Cannon,14,8,30,5,419000,28.09
484,Air Defense,13,9,0,2,1406000,85.56
485,Air Defense,10,11,30,3,1594000,93.78
486,Laboratory,6,8,20,3,471000,29.76
487,Gold Storage,3,6,50,6,220000,13.88
488,Wizard Tower,14,13,25,3,1562000,91.08
489,Spell Factory,3,5,20,2,411000,31.56
490,Archer Tower,2,7,25,6,203000,14.45
491,Wizard Tower,3,8,0,2,398000,32.1
492,Laboratory,6,11,20,2,753000,48.9
493,Wizard Tower,16,10,10,2,979000,66.97
494,Laboratory,15,1,30,6,23000,3.07
495,Wizard Tower,11,11,20,3,962000,63.21
496,Army Camp,13,9,0,6,694000,50.07
497,Barracks,3,8,50,3,278000,15.7
498,Wizard Tower,2,6,20,4,243000,18.55
499,Wizard Tower,5,10,0,4,674000,47.58
500,Army Camp,13,4,10,5,181000,14.86
501,Gold Storage,7,12,30,3,884000,47.12
502,Archer Tower,16,17,10,3,1680000,102.43
503,Dark Barracks,8,1,20,3,26000,4.1
504,Spell Factory,7,7,10,6,909000,63.63
505,Air Defense,2,4,25,2,223000,15.79
506,Archer Tower,1,6,25,3,179000,12.37
507,Laboratory,14,11,10,2,986000,63.85
508,Barracks,14,14,50,5,1125000,53.49
509,Laboratory,11,1,10,3,22000,3.39
510,Army Camp,15,3,50,3,109000,8.88
511,Archer Tower,16,19,25,2,1830000,112.92
512,Elixir Storage,5,10,30,6,531000,34.3
513,Laboratory,7,12,0,4,941000,59.59
514,Archer Tower,10,9,25,1,483000,30.02
515,Dark Elixir Storage,11,4,10,4,479000,28.63
516,Spell Factory,6,1,0,3,40000,5.05
517,Gold Storage,13,9,30,2,572000,39.84
518,Elixir Storage,10,13,30,2,1000000,58.58
519,Gold Storage,2,7,25,1,265000,19.62
520,Dark Elixir Storage,10,10,25,1,1915000,104.45
521,Army Camp,6,5,25,2,183000,15.6
522,Dark Barracks,13,10,20,1,1002000,99.98
523,Gold Storage,1,3,25,3,57000,5.87
524,Elixir Storage,8,7,30,1,331000,24.07
525,Spell Factory,16,6,30,5,844000,57.37
526,Archer Tower,11,2,20,1,35000,4.93
527,Archer Tower,9,4,50,6,111000,8.28
528,Gold Storage,7,12,25,5,864000,48.37
529,Archer Tower,15,19,50,6,2147000,91.65
530,Dark Elixir Storage,16,8,50,4,1515000,77.61
531,Laboratory,13,12,10,5,1109000,72.86
532,Spell Factory,10,4,10,3,401000,30.18
533,Archer Tower,16,5,25,6,204000,14.98
534,Army Camp,2,6,0,1,221000,20.61
535,Elixir Storage,13,6,30,5,329000,21.05
536,Air Defense,13,6,0,5,724000,44.56
537,Cannon,12,11,25,4,718000,43.28
538,Army Camp,1,6,50,5,203000,14.41
539,Air Defense,5,8,0,2,836000,56.8
540,Gold Storage,4,9,0,2,443000,32.79
541,Laboratory,4,9,0,6,544000,33.6
542,Cannon,11,12,0,1,742000,52.55
543,Dark Elixir Storage,14,5,30,3,768000,42.49
544,Air Defense,8,4,30,1,298000,19.02
545,Air Defense,6,8,50,3,935000,41.67
546,Dark Elixir Storage,14,9,50,3,1972000,87.23
547,Air Defense,14,9,30,4,1467000,76.46
548,Wizard Tower,4,9,50,1,588000,32.36
549,Elixir Storage,1,2,50,2,30000,3.54
550,Army Camp,11,8,20,5,501000,38.21
551,Army Camp,1,6,30,3,195000,16.61
552,Wizard Tower,4,5,30,1,207000,15.42
553,Army Camp,9,6,30,1,303000,22.73
554,Spell Factory,8,5,25,6,531000,35.87
555,Archer Tower,12,16,25,3,1311000,72.49
556,Dark Barracks,5,4,20,1,180000,19.32
557,Air Defense,16,9,25,4,1327000,84.06
558,Dark Elixir Storage,8,3,30,5,239000,16.53
559,Wizard Tower,3,8,0,5,461000,31.65
560,Archer Tower,5,8,30,1,335000,21.39
561,Air Defense,13,10,10,1,1507000,98.3
562,Dark Barracks,7,5,30,5,275000,27.09
563,Dark Elixir Storage,10,2,10,5,130000,11.17
564,Archer Tower,10,13,20,5,835000,51.42
565,Laboratory,3,8,50,5,369000,22.29
566,Gold Storage,8,3,25,2,91000,7.53
567,Army Camp,16,1,20,3,22000,3.44
568,Laboratory,4,9,10,1,459000,35.4
569,Dark Barracks,5,2,30,5,53000,7.05
570,Dark Elixir Storage,12,4,50,2,440000,26.23
571,Cannon,5,10,25,4,492000,27.49
572,Air Defense,13,2,25,6,111000,8.89
573,Archer Tower,2,7,25,4,203000,15.08
574,Elixir Storage,2,7,0,1,248000,21.82
575,Barracks,15,8,0,1,422000,30.06
576,Archer Tower,10,15,50,6,1161000,56.02
577,Cannon,14,19,30,6,1924000,97.59
578,Gold Storage,13,15,30,6,1365000,83.49
579,Wizard Tower,2,1,10,5,20000,2.99
580,Dark Elixir Storage,13,3,50,1,263000,17.15
581,Archer Tower,16,1,30,4,15000,2.84
582,Archer Tower,1,6,30,4,177000,11.39
583,Laboratory,1,3,25,3,74000,6.27
584,Cannon,9,10,30,6,504000,32.27
585,Dark Barracks,15,1,0,2,29000,5.25
586,Dark Elixir Storage,16,8,25,4,1729000,88.34
587,Cannon,6,1,10,6,11000,2.61
588,Barracks,4,9,25,3,359000,22.26
589,Cannon,4,6,25,6,170000,12.73
590,Dark Barracks,5,6,50,1,344000,28.94
591,Wizard Tower,16,11,30,1,1229000,74.15
592,Army Camp,4,1,25,3,17000,2.74
593,Laboratory,11,2,10,5,54000,5.72
594,Archer Tower,12,2,20,6,37000,4.81
595,Dark Elixir Storage,8,9,20,3,1701000,84.49
596,Cannon,5,8,10,1,324000,23.49
597,Laboratory,13,11,0,6,982000,61.24
598,Laboratory,1,6,25,1,235000,15.53
599,Gold Storage,15,6,25,6,325000,22.75
600,Dark Barracks,8,3,25,6,128000,12.84
601,Barracks,3,5,50,3,134000,8.44
602,Dark Barracks,6,5,50,6,254000,21.61
603,Gold Storage,9,9,0,3,578000,38.49
604,Army Camp,6,11,25,5,737000,48.66
605,Spell Factory,14,1,25,1,51000,5.24
606,Barracks,14,16,25,2,1263000,75.75
607,Air Defense,13,11,10,1,1796000,116.47
608,Wizard Tower,5,6,0,5,285000,22.19
609,Wizard Tower,16,7,30,3,536000,37.49
610,Air Defense,9,10,10,4,1325000,84.37
611,Army Camp,16,5,10,4,274000,21.71
612,Gold Storage,13,7,50,6,407000,23.46
613,Wizard Tower,3,6,0,4,258000,21.58
614,Air Defense,6,1,25,3,32000,3.57
615,Cannon,12,14,30,1,1155000,59.26
616,Gold Storage,4,2,50,2,34000,3.86
617,Dark Elixir Storage,8,7,25,1,979000,60.43
618,Air Defense,8,8,25,2,975000,56.9
619,Elixir Storage,11,10,50,1,733000,37.15
620,Barracks,16,1,25,4,16000,2.7
621,Air Defense,8,4,30,5,307000,18.08
622,Wizard Tower,7,3,30,1,108000,8.46
623,Barracks,9,2,25,1,34000,4.1
624,Cannon,14,14,20,4,1237000,63.98
625,Archer Tower,7,5,20,4,161000,12.56
626,Gold Storage,13,5,0,4,213000,19.3
627,Archer Tower,1,3,10,1,50000,6.01
628,Elixir Storage,8,13,20,6,930000,59.11
629,Elixir Storage,16,15,10,3,1474000,98.78
630,Army Camp,5,4,10,1,135000,12.29
631,Gold Storage,4,8,20,4,333000,24.21
632,Laboratory,15,11,30,2,1079000,61.79
633,Laboratory,15,14,30,5,1579000,84.74
634,Wizard Tower,3,8,50,4,455000,26.08
635,Dark Elixir Storage,14,7,10,2,1222000,77.21
636,Spell Factory,4,6,30,5,580000,37.94
637,Dark Elixir Storage,13,2,20,1,141000,12.41
638,Elixir Storage,14,12,0,2,1110000,69.32
639,Laboratory,1,2,0,5,40000,4.55
640,Army Camp,1,6,50,1,198000,14.01
641,Cannon,12,13,50,3,989000,49.22
642,Spell Factory,6,2,25,3,103000,9.79
643,Laboratory,4,8,50,1,421000,22.91
644,Laboratory,7,12,10,4,901000,57.38
645,Air Defense,13,4,0,4,344000,26.03
646,Gold Storage,14,6,20,3,301000,22.09
647,Dark Barracks,3,8,20,6,487000,48.07
648,Dark Barracks,12,1,10,3,27000,4.59
649,Dark Barracks,10,4,50,4,192000,19.73
650,Elixir Storage,11,4,20,2,142000,12.3
651,Wizard Tower,8,9,10,1,651000,46.7
652,Air Defense,12,3,20,1,202000,14.77
653,Dark Elixir Storage,13,7,50,5,1185000,56.25
654,Wizard Tower,14,15,25,5,1977000,109.83
655,Elixir Storage,5,7,30,5,282000,19.34
656,Laboratory,4,2,25,3,45000,4.72
657,Elixir Storage,1,6,10,5,181000,15.25
658,Dark Barracks,16,7,20,5,614000,59.85
659,Elixir Storage,12,2,30,1,46000,5.54
660,Archer Tower,13,6,50,3,249000,15.34
661,Gold Storage,12,10,30,6,661000,41.5
662,Dark Elixir Storage,7,9,50,4,1536000,67.67
663,Laboratory,10,8,20,2,517000,33.2
664,Wizard Tower,8,10,30,6,695000,47.38
665,Wizard Tower,5,2,30,6,54000,4.79
666,Gold Storage,1,6,0,2,202000,16.43
667,Cannon,12,10,25,1,585000,37.23
668,Spell Factory,16,1,0,2,52000,5.99
669,Barracks,4,9,10,2,344000,22.91
670,Spell Factory,4,1,20,2,40000,4.41
671,Spell Factory,10,3,25,6,226000,17.59
672,Gold Storage,12,1,50,1,17000,2.75
673,Dark Elixir Storage,8,10,0,2,1852000,108.68
674,Dark Elixir Storage,11,7,0,3,1170000,73.32
675,Cannon,6,11,10,4,556000,37.03
676,Dark Elixir Storage,9,7,25,2,966000,61.03
677,Gold Storage,14,10,50,6,750000,40.33
678,Spell Factory,8,7,30,6,863000,55.57
679,Air Defense,7,12,50,2,1716000,80.63
680,Barracks,5,10,0,1,436000,29.71
681,Dark Barracks,16,3,30,4,145000,17.08
682,Dark Barracks,7,7,25,4,441000,44.43
683,Dark Barracks,15,4,50,1,232000,21.98
684,Archer Tower,12,8,20,6,404000,25.85
685,Elixir Storage,16,3,25,6,107000,8.87
686,Dark Elixir Storage,11,5,20,1,611000,41.38
687,Archer Tower,14,13,0,4,1039000,62.71
688,Cannon,8,8,30,3,385000,23.86
689,Gold Storage,15,7,20,4,436000,29.78
690,Cannon,16,17,10,3,1770000,97.76
691,Archer Tower,16,12,20,3,843000,57.38
692,Air Defense,1,6,10,6,405000,27.83
693,Archer Tower,16,1,0,5,16000,3.05
694,Cannon,7,3,10,2,64000,6.57
695,Spell Factory,11,4,20,6,378000,30.23
696,Dark Barracks,2,4,10,2,165000,18.11
697,Spell Factory,13,7,30,6,1073000,67.33
698,Cannon,16,10,25,6,710000,39.63
699,Archer Tower,16,5,0,3,211000,17.78
700,Laboratory,3,4,25,2,118000,9.89
701,Barracks,6,2,0,2,33000,4.42
702,Air Defense,8,2,20,2,85000,8.41
703,Laboratory,2,7,50,4,314000,17.13
704,Laboratory,12,13,30,2,1351000,69.9
705,Dark Elixir Storage,13,7,30,5,1153000,67.05
706,Cannon,3,6,20,3,163000,14.12
707,Barracks,14,4,50,2,138000,9.25
708,Spell Factory,15,6,0,1,935000,70.68
709,Spell Factory,12,1,0,4,50000,5.91
710,Dark Elixir Storage,7,4,10,3,346000,27.11
711,Elixir Storage,6,10,30,1,530000,37.85
712,Wizard Tower,9,8,50,3,540000,32.45
713,Dark Elixir Storage,13,8,30,3,1385000,85.45
714,Archer Tower,8,11,10,3,629000,41.24
715,Army Camp,13,3,50,2,116000,8.95
716,Spell Factory,3,3,20,6,186000,14.72
717,Dark Elixir Storage,15,1,30,4,56000,4.96
718,Army Camp,14,11,50,4,893000,52.82
719,Army Camp,8,11,30,2,836000,52.63
720,Barracks,9,1,0,2,13000,3.06
721,Barracks,1,6,10,6,163000,11.65
722,Gold Storage,7,12,10,6,748000,51.79
723,Gold Storage,16,2,50,2,60000,5.05
724,Spell Factory,4,2,25,2,96000,9.2
725,Gold Storage,16,7,50,6,463000,26.44
726,Air Defense,2,7,10,3,596000,37.42
727,Archer Tower,5,10,0,1,440000,32.98
728,Air Defense,5,7,10,5,706000,41.08
729,Army Camp,14,11,30,5,953000,64.05
730,Wizard Tower,12,14,0,3,1645000,104.01
731,Cannon,11,16,0,1,1193000,84.37
732,Army Camp,10,5,20,5,221000,17.66
733,Archer Tower,12,17,25,2,1447000,82.44
734,Dark Barracks,5,6,30,1,329000,34.19
735,Air Defense,2,7,30,6,626000,31.81
736,Elixir Storage,10,7,10,5,360000,26.66
737,Archer Tower,15,18,25,4,1634000,94.44
738,Cannon,5,4,50,2,101000,7.71
739,Air Defense,6,11,0,1,1468000,96.17
740,Laboratory,15,1,30,4,23000,3.2
741,Gold Storage,7,5,25,2,188000,13.93
742,Barracks,15,13,0,4,1046000,64.22
743,Barracks,8,12,20,6,732000,37.92
744,Elixir Storage,9,2,0,3,49000,5.8
745,Dark Barracks,12,5,30,1,301000,33.41
746,Dark Elixir Storage,15,8,25,4,1612000,92.05
747,Archer Tower,1,1,0,4,9000,2.64
748,Army Camp,8,7,25,3,364000,26.64
749,Barracks,4,9,20,6,353000,22.12
750,Barracks,15,2,50,3,40000,4.11
751,Laboratory,7,6,0,6,302000,22.59
752,Barracks,4,9,30,1,383000,22.22
753,Gold Storage,10,3,0,4,84000,8.91
754,Elixir Storage,4,9,10,3,441000,31.91
755,Wizard Tower,12,7,50,2,434000,29.64
756,Cannon,12,17,30,1,1539000,81.98
757,Cannon,7,12,10,6,710000,42.18
758,Dark Barracks,8,9,30,1,826000,66.31
759,Army Camp,8,2,20,1,49000,5.72
760,Army Camp,13,3,20,6,104000,9.38
761,Laboratory,15,9,20,6,765000,44.56
762,Wizard Tower,10,8,50,3,502000,31.71
763,Archer Tower,13,11,0,6,713000,49.84
764,Dark Barracks,10,8,30,5,674000,57.25
765,Dark Barracks,7,4,0,1,173000,21.92
766,Army Camp,11,7,50,2,382000,27.55
767,Wizard Tower,8,7,30,2,426000,27.98
768,Wizard Tower,1,3,10,6,81000,7.15
769,Cannon,6,2,25,6,32000,3.97
770,Gold Storage,10,7,10,2,351000,28.56
771,Barracks,1,6,25,1,162000,11.77
772,Spell Factory,16,6,20,4,922000,61.85
773,Barracks,16,12,25,3,959000,49.02
774,Gold Storage,7,12,0,4,803000,53.71
775,Cannon,6,1,25,1,10000,2.58
776,Wizard Tower,11,7,0,5,480000,36.02
777,Archer Tower,13,18,30,6,1799000,84.84
778,Army Camp,6,4,50,4,126000,9.74
779,Dark Barracks,16,8,0,3,847000,80.2
780,Archer Tower,9,2,10,5,35000,4.52
781,Dark Barracks,6,2,50,6,61000,6.43
782,Elixir Storage,1,6,10,2,193000,16.21
783,Cannon,1,6,20,1,170000,12.89
784,Army Camp,3,8,25,3,381000,26.02
785,Laboratory,5,3,10,3,83000,8.35
786,Archer Tower,10,10,20,5,591000,33.9
787,Dark Elixir Storage,11,7,20,2,1220000,65.9
788,Air Defense,4,8,20,3,807000,47.42
789,Barracks,13,13,20,6,905000,51.16
790,Archer Tower,2,7,20,6,229000,15.65
791,Barracks,15,9,0,2,558000,37.18
792,Laboratory,3,2,0,5,42000,4.78
793,Army Camp,4,3,20,2,77000,7.96
794,Cannon,6,3,20,1,58000,6.73
795,Wizard Tower,11,15,10,4,1571000,108.42
796,Army Camp,7,3,30,4,88000,8.28
797,Barracks,4,9,0,2,325000,26.42
798,Barracks,12,3,50,6,71000,5.92
799,Barracks,9,12,25,2,746000,41.22
800,Elixir Storage,12,13,20,6,1095000,68.69
801,Elixir Storage,1,1,50,2,13000,2.18
802,Wizard Tower,7,12,50,4,1048000,55.33
803,Archer Tower,16,1,0,3,15000,3.25
804,Dark Barracks,12,4,30,5,208000,21.44
805,Wizard Tower,4,1,0,5,24000,3.15
806,Archer Tower,1,6,25,4,166000,11.66
807,Barracks,1,5,50,3,122000,7.78
808,Gold Storage,6,2,10,3,42000,4.96
809,Barracks,8,12,10,4,631000,39.76
810,Elixir Storage,16,9,25,4,646000,44.94
811,Wizard Tower,13,8,25,5,559000,41.81
812,Dark Barracks,3,3,0,4,96000,12.4
813,Laboratory,6,3,50,5,85000,6.45
814,Gold Storage,12,3,50,6,101000,7.45
815,Wizard Tower,2,7,10,2,331000,23.82
816,Laboratory,3,8,10,4,390000,26.06
817,Gold Storage,2,7,10,4,268000,19.63
818,Archer Tower,11,5,10,5,165000,14.01
819,Dark Barracks,9,4,20,6,187000,20.72
820,Laboratory,2,7,0,5,286000,22.31
821,Gold Storage,14,2,25,3,55000,5.44
822,Cannon,13,15,50,5,1210000,59.99
823,Archer Tower,11,6,0,2,257000,20.41
824,Cannon,15,2,20,4,45000,4.87
825,Air Defense,7,8,0,6,959000,57.74
826,Archer Tower,11,14,0,2,1134000,67.04
827,Air Defense,13,10,25,2,1683000,88.64
828,Cannon,14,18,25,2,1648000,92.22
829,Spell Factory,4,1,20,6,42000,3.97
830,Cannon,6,2,0,6,32000,4.64
831,Air Defense,7,6,0,1,605000,37.82
832,Dark Elixir Storage,15,10,10,6,2196000,129.03
833,Laboratory,13,8,30,3,611000,35.95
834,Elixir Storage,9,14,0,5,1202000,72.94
835,Gold Storage,15,10,25,4,767000,48.5
836,Dark Elixir Storage,16,4,50,2,468000,28.62
837,Army Camp,2,6,25,5,228000,16.63
838,Barracks,4,5,30,6,122000,9.85
839,Wizard Tower,11,9,0,4,684000,53.56
840,Dark Elixir Storage,7,7,50,5,999000,46.55
841,Cannon,14,4,50,1,135000,9.97
842,Laboratory,3,8,30,3,412000,23.97
843,Archer Tower,5,10,0,1,499000,35.03
844,Cannon,1,1,10,1,9000,2.7
845,Gold Storage,4,3,30,1,72000,6.89
846,Army Camp,4,9,25,1,480000,35.12
847,Air Defense,3,4,0,1,235000,18.01
848,Archer Tower,4,9,20,3,369000,23.95
849,Army Camp,14,2,25,6,62000,6.2
850,Dark Barracks,15,3,25,1,142000,16.98
851,Dark Elixir Storage,10,3,10,3,282000,19.04
852,Army Camp,5,4,50,3,128000,9.97
853,Army Camp,4,7,30,4,290000,22.76
854,Dark Elixir Storage,13,8,0,4,1591000,91.55
855,Gold Storage,3,1,50,2,13000,2.32
856,Gold Storage,1,2,10,4,30000,4.23
857,Spell Factory,10,1,30,1,44000,4.7
858,Barracks,10,6,0,6,233000,16.17
859,Archer Tower,16,18,50,5,1673000,89.98
860,Elixir Storage,7,12,25,4,863000,50.47
861,Spell Factory,5,5,25,6,453000,31.42
862,Barracks,12,10,30,3,562000,33.16
863,Elixir Storage,16,5,25,2,232000,18.14
864,Wizard Tower,6,2,0,5,60000,5.65
865,Spell Factory,10,3,25,2,263000,18.17
866,Dark Barracks,2,7,25,1,372000,37.45
867,Cannon,15,2,20,6,41000,4.82
868,Gold Storage,9,2,25,3,41000,5.1
869,Dark Barracks,6,7,20,4,476000,42.46
870,Dark Barracks,10,5,20,6,316000,31.2
871,Archer Tower,16,20,0,3,2284000,135.77
872,Gold Storage,14,14,50,1,1239000,70.85
873,Gold Storage,15,9,25,1,647000,41.96
874,Dark Elixir Storage,11,10,50,5,2006000,92.72
875,Archer Tower,9,14,25,5,921000,52.58
876,Barracks,13,14,50,2,1084000,51.37
877,Spell Factory,7,4,10,2,350000,27.56
878,Spell Factory,7,5,50,3,477000,29.59
879,Gold Storage,3,1,20,3,14000,2.57
880,Dark Barracks,5,10,50,4,761000,64.03
881,Air Defense,4,1,25,1,28000,3.48
882,Cannon,7,7,20,1,267000,19.99
883,Army Camp,15,4,0,3,195000,17.57
884,Wizard Tower,6,5,0,2,201000,18.49
885,Air Defense,10,10,0,6,1428000,84.69
886,Laboratory,11,12,30,1,961000,64.97
887,Spell Factory,4,3,20,1,214000,15.35
888,Dark Elixir Storage,16,7,0,4,1391000,84.39
889,Dark Barracks,10,6,0,3,385000,43.3
890,Army Camp,15,5,25,6,275000,19.82
891,Cannon,8,13,20,2,755000,49.13
892,Laboratory,4,4,50,2,140000,8.96
893,Cannon,14,10,0,2,661000,43.96
894,Laboratory,15,4,30,5,184000,13.23
895,Wizard Tower,2,7,50,5,331000,19.62
896,Laboratory,11,6,0,6,336000,25.1
897,Laboratory,12,9,30,4,660000,40.47
898,Army Camp,4,3,30,1,76000,7.74
899,Army Camp,15,9,10,2,772000,53.75
900,Dark Elixir Storage,15,5,30,5,679000,42.67
901,Gold Storage,10,10,20,3,610000,43.27
902,Dark Barracks,10,3,10,3,132000,16.12
903,Cannon,4,9,20,2,342000,24.12
904,Army Camp,1,6,25,6,211000,15.98
905,Spell Factory,8,5,0,1,556000,41.02
906,Spell Factory,6,7,10,3,810000,57.4
907,Barracks,4,6,30,2,174000,12.57
908,Cannon,15,8,50,4,440000,26.53
909,Air Defense,6,3,10,3,180000,13.01
910,Gold Storage,7,4,20,1,131000,10.61
911,Dark Elixir Storage,12,9,30,2,1808000,99.88
912,Spell Factory,14,6,30,4,835000,54.83
913,Barracks,6,11,30,6,586000,30.01
914,Wizard Tower,6,5,0,2,209000,18.37
915,Wizard Tower,12,7,20,4,504000,34.94
916,Archer Tower,11,11,30,4,637000,40.69
917,Archer Tower,16,5,30,2,221000,14.6
918,Cannon,5,6,30,1,186000,14.08
919,Elixir Storage,15,3,30,1,102000,9.33
920,Gold Storage,5,4,30,1,110000,10.21
921,Archer Tower,4,5,0,6,125000,11.69
922,Air Defense,9,2,50,2,91000,7.21
923,Army Camp,6,2,30,6,41000,4.79
924,Spell Factory,6,2,20,5,109000,9.45
925,Spell Factory,7,6,20,3,754000,45.45
926,Spell Factory,3,1,25,2,36000,4.24
927,Air Defense,16,5,10,2,492000,36.37
928,Laboratory,4,9,10,1,471000,34.25
929,Archer Tower,2,7,50,6,212000,13.52
930,Dark Barracks,6,8,50,3,625000,48.22
931,Dark Barracks,15,5,50,1,326000,31.22
932,Barracks,8,9,0,1,445000,28.34
933,Archer Tower,2,7,20,6,244000,15.23
934,Cannon,12,3,25,6,78000,6.68
935,Barracks,9,7,0,1,268000,20.33
936,Army Camp,7,4,50,4,130000,10.87
937,Laboratory,16,5,20,6,289000,19.83
938,Wizard Tower,9,6,50,4,309000,20.43
939,Dark Elixir Storage,14,6,25,3,881000,54.51
940,Army Camp,2,6,25,1,221000,17.74
941,Gold Storage,2,7,50,5,289000,16.44
942,Cannon,2,7,30,2,225000,14.94
943,Air Defense,4,8,0,2,801000,52.52
944,Dark Elixir Storage,16,6,50,4,983000,53.17
945,Elixir Storage,4,6,20,1,228000,16.93
946,Wizard Tower,13,12,50,4,1299000,62.52
947,Dark Elixir Storage,13,2,10,2,158000,12.0
948,Air Defense,2,7,25,5,537000,32.74
949,Dark Elixir Storage,12,6,30,5,913000,49.81
950,Dark Barracks,13,4,20,3,214000,23.96
951,Air Defense,16,2,30,3,126000,9.49
952,Cannon,15,4,10,5,148000,11.95
953,Spell Factory,5,5,50,1,513000,28.89
954,Air Defense,10,2,30,1,91000,8.42
955,Dark Barracks,16,2,20,4,82000,10.38
956,Wizard Tower,4,9,0,5,558000,38.1
957,Laboratory,10,1,30,6,21000,2.78
958,Dark Barracks,7,8,0,3,575000,60.12
959,Barracks,12,11,0,2,627000,43.7
960,Spell Factory,15,2,25,2,142000,12.83
961,Wizard Tower,5,10,20,3,645000,43.61
962,Laboratory,16,7,50,4,510000,27.98
963,Wizard Tower,16,8,50,5,636000,36.92
964,Laboratory,3,4,25,3,122000,10.28
965,Air Defense,2,7,10,4,613000,36.29
966,Elixir Storage,13,14,0,5,1409000,87.57
967,Cannon,6,8,10,3,335000,23.24
968,Archer Tower,13,15,10,5,1145000,74.67
969,Gold Storage,11,12,20,3,899000,59.19
970,Dark Elixir Storage,16,4,30,2,561000,30.25
971,Barracks,10,3,0,4,76000,7.42
972,Dark Barracks,12,3,50,6,144000,13.05
973,Dark Barracks,4,1,30,2,22000,3.65
974,Wizard Tower,2,7,30,4,308000,21.75
975,Dark Barracks,14,2,25,4,84000,9.47
976,Cannon,3,8,20,3,275000,21.04
977,Spell Factory,4,4,25,2,310000,22.63
978,Cannon,7,12,50,4,678000,36.8
979,Army Camp,16,3,30,2,116000,10.37
980,Wizard Tower,13,16,50,3,2170000,100.75
981,Wizard Tower,6,1,50,6,25000,2.64
982,Barracks,3,4,20,3,95000,7.43
983,Army Camp,9,6,20,1,283000,22.56
984,Air Defense,6,11,20,1,1578000,84.1
985,Spell Factory,6,2,50,3,103000,8.46
986,Laboratory,13,13,10,4,1309000,82.77
987,Cannon,2,7,0,6,224000,16.92
988,Dark Barracks,2,7,30,2,395000,35.1
989,Army Camp,14,1,20,3,20000,3.27
990,Dark Elixir Storage,9,1,0,6,51000,5.05
991,Dark Elixir Storage,8,10,50,3,1813000,83.27
992,Gold Storage,12,6,10,4,305000,21.94
993,Gold Storage,13,4,30,3,165000,12.69
994,Wizard Tower,8,12,30,6,1098000,60.62
995,Laboratory,2,3,0,2,72000,7.96
996,Archer Tower,15,5,30,6,212000,13.81
997,Elixir Storage,13,10,25,6,689000,44.78
998,Archer Tower,8,13,10,4,857000,50.86
999,Dark Elixir Storage,9,2,30,5,122000,9.97
1000,Laboratory,1,5,50,1,151000,11.43
